Index,Date,Sales,Assortment
0,2014 aug 01,34201.79296184109,drink
1,2014 aug 02,8404.176909485785,drink
2,2014 aug 03,62851.4362775142,drink
3,2014 aug 04,79310.69265185625,drink
4,2014 aug 05,83689.58121504697,drink
5,2014 aug 06,9728.546351703815,drink
6,2014 aug 07,172573.13290309138,drink
7,2014 aug 08,203670.3872197446,drink
8,2014 aug 09,117986.19972133572,drink
9,2014 aug 10,244377.7667555274,drink
10,2014 aug 11,173174.8735514053,drink
11,2014 aug 12,251021.74782245132,drink
12,2014 aug 13,245010.6787506058,drink
13,2014 aug 14,190107.1083122228,drink
14,2014 aug 15,36960.83981702066,drink
15,2014 aug 16,33959.59645954556,drink
16,2014 aug 17,189668.2171756219,drink
17,2014 aug 18,221575.7951143105,drink
18,2014 aug 19,272607.1701794933,drink
19,2014 aug 20,115447.3023237758,drink
20,2014 aug 21,4772.343250537873,drink
21,2014 aug 22,117552.5646068332,drink
22,2014 aug 23,144372.1706285443,drink
23,2014 aug 24,155924.93809401357,drink
24,2014 aug 25,9129.501005452108,drink
25,2014 aug 26,7256.895280179781,drink
26,2014 aug 27,12881.881173965248,drink
27,2014 aug 28,183518.1560541785,drink
28,2014 aug 29,110293.95629904245,drink
29,2014 aug 30,104019.39655380894,drink
30,2014 aug 31,8494.226170729522,drink
31,2014 oct 01,44578.47195965114,drink
32,2014 oct 02,36797.07608960498,drink
33,2014 oct 03,30928.439652271954,drink
34,2014 oct 04,13330.402401300666,drink
35,2014 oct 05,10241.200367563562,drink
36,2014 oct 06,392.79381252339135,drink
37,2014 oct 07,721.6869571744523,drink
38,2014 oct 08,55517.97238624084,drink
39,2014 oct 09,59388.57025092359,drink
40,2014 oct 10,103232.33468222224,drink
41,2014 oct 11,137845.80033352305,drink
42,2014 oct 12,181919.1802986525,drink
43,2014 oct 13,80774.51736294484,drink
44,2014 oct 14,6369.367669245018,drink
45,2014 oct 15,144210.9310642291,drink
46,2014 oct 16,256086.2586227247,drink
47,2014 oct 17,209011.78209276625,drink
48,2014 oct 18,162394.68996104656,drink
49,2014 oct 19,34243.33290700699,drink
50,2014 oct 20,297404.2571972711,drink
51,2014 oct 21,163326.2237546757,drink
52,2014 oct 22,157111.8377086116,drink
53,2014 oct 23,171317.28386445594,drink
54,2014 oct 24,12157.696393615644,drink
55,2014 oct 25,117027.00620826954,drink
56,2014 oct 26,205594.82291385092,drink
57,2014 oct 27,155425.92641128512,drink
58,2014 oct 28,37519.7863207214,drink
59,2014 oct 29,18876.74976121525,drink
60,2014 oct 30,209002.1740763491,drink
61,2014 oct 31,108785.8014008586,drink
62,2014 sep 01,16927.131629379306,drink
63,2014 sep 02,140607.2156340946,drink
64,2014 sep 03,103304.70394220564,drink
65,2014 sep 04,120459.97572441305,drink
66,2014 sep 05,44263.81005960012,drink
67,2014 sep 06,91915.69002342272,drink
68,2014 sep 07,96753.70926238757,drink
69,2014 sep 08,101459.53782863665,drink
70,2014 sep 09,100393.86533182538,drink
71,2014 sep 10,16714.70667750102,drink
72,2014 sep 11,68534.73190318621,drink
73,2014 sep 12,5571.539941910844,drink
74,2014 sep 13,104260.38585084448,drink
75,2014 sep 14,21424.94831744557,drink
76,2014 sep 15,9040.340777762503,drink
77,2014 sep 16,257166.6661989641,drink
78,2014 sep 17,37037.14740053708,drink
79,2014 sep 18,69562.03842078318,drink
80,2014 sep 19,3156.469535830053,drink
81,2014 sep 20,1913.4162494615648,drink
82,2014 sep 21,65171.75523189636,drink
83,2014 sep 22,39320.502699372126,drink
84,2014 sep 23,893.2245476240305,drink
85,2014 sep 24,915.2549959184742,drink
86,2014 sep 25,35972.35861565408,drink
87,2014 sep 26,54042.91397255928,drink
88,2014 sep 27,59307.15277574236,drink
89,2014 sep 28,28060.50646183991,drink
90,2014 sep 29,195.29116582189408,drink
91,2014 sep 30,26762.91116100075,drink
92,2015 aug 01,100475.25123733249,drink
93,2015 aug 02,115826.54395641114,drink
94,2015 aug 03,95625.7874792213,drink
95,2015 aug 04,103555.28323679647,drink
96,2015 aug 05,173257.83419979847,drink
97,2015 aug 06,53598.92451991855,drink
98,2015 aug 07,62550.15135802304,drink
99,2015 aug 08,85819.89154378444,drink
100,2015 aug 09,96408.97144327238,drink
101,2015 aug 10,69340.67627615876,drink
102,2015 aug 11,17981.78306214867,drink
103,2015 aug 12,111197.12976718764,drink
104,2015 aug 13,186188.840787226,drink
105,2015 aug 14,91367.7452511516,drink
106,2015 aug 15,56072.73791758296,drink
107,2015 aug 16,3002.6583794742214,drink
108,2015 aug 17,1873.262872441442,drink
109,2015 aug 18,79448.2644937478,drink
110,2015 aug 19,85806.39415362924,drink
111,2015 aug 20,53399.27298045196,drink
112,2015 aug 21,6654.990209733945,drink
113,2015 aug 22,118272.42316267014,drink
114,2015 aug 23,41286.9016110889,drink
115,2015 aug 24,46357.437639568205,drink
116,2015 aug 25,52237.42335048784,drink
117,2015 aug 26,914.0837797837734,drink
118,2015 aug 27,1635.073446396469,drink
119,2015 aug 28,58076.31583317588,drink
120,2015 aug 29,67524.84968399988,drink
121,2015 aug 30,38801.47078258701,drink
122,2015 aug 31,41224.11123706747,drink
123,2015 oct 01,23572.11881357514,drink
124,2015 oct 02,172367.73997063324,drink
125,2015 oct 03,170489.85816265285,drink
126,2015 oct 04,120459.33047705896,drink
127,2015 oct 05,5206.130645364964,drink
128,2015 oct 06,129656.39191089604,drink
129,2015 oct 07,78454.43347780859,drink
130,2015 oct 08,117031.53167748172,drink
131,2015 oct 09,398.6259064658994,drink
132,2015 oct 10,690.6709687944596,drink
133,2015 oct 11,1095.4885030739897,drink
134,2015 oct 12,251.85406828782115,drink
135,2015 oct 13,310.69803176862297,drink
136,2015 oct 14,8435.40475409193,drink
137,2015 oct 15,105.17622795654896,drink
138,2015 oct 16,2762.7599170355084,drink
139,2015 oct 17,3025.402896277945,drink
140,2015 oct 18,8399.004776492156,drink
141,2015 oct 19,115.38829176936834,drink
142,2015 oct 20,2059.8315896225195,drink
143,2015 oct 21,3140.8825821715504,drink
144,2015 oct 22,373.5097953879993,drink
145,2015 oct 23,7188.169219362599,drink
146,2015 oct 24,163582.1524121172,drink
147,2015 oct 25,261655.6999493193,drink
148,2015 oct 26,371197.4608377309,drink
149,2015 oct 27,321294.1470771404,drink
150,2015 oct 28,109217.669469108,drink
151,2015 oct 29,504355.88716661406,drink
152,2015 oct 30,401331.9782863612,drink
153,2015 oct 31,341611.41201352654,drink
154,2015 sep 01,13200.101166589257,drink
155,2015 sep 02,12003.044309047433,drink
156,2015 sep 03,27765.355456897258,drink
157,2015 sep 04,37323.747060758455,drink
158,2015 sep 05,8445.071898479668,drink
159,2015 sep 06,12258.752449656093,drink
160,2015 sep 07,913.115393711584,drink
161,2015 sep 08,9450.51941891682,drink
162,2015 sep 09,21922.110111140257,drink
163,2015 sep 10,5803.6030624179575,drink
164,2015 sep 11,25250.89267468121,drink
165,2015 sep 12,63047.73550228708,drink
166,2015 sep 13,148893.28652945187,drink
167,2015 sep 14,253696.5907890316,drink
168,2015 sep 15,498435.996974242,drink
169,2015 sep 16,322278.2096035759,drink
170,2015 sep 17,137701.6896302914,drink
171,2015 sep 18,298961.44512076385,drink
172,2015 sep 19,393847.8897672633,drink
173,2015 sep 20,379853.54398830654,drink
174,2015 sep 21,382909.61247037456,drink
175,2015 sep 22,51154.30319486622,drink
176,2015 sep 23,326557.1689814056,drink
177,2015 sep 24,432362.3552107156,drink
178,2015 sep 25,429521.117086469,drink
179,2015 sep 26,384714.0319280049,drink
180,2015 sep 27,215112.9106358161,drink
181,2015 sep 28,45520.55995228159,drink
182,2015 sep 29,274469.33596785465,drink
183,2015 sep 30,224625.73116559992,drink
184,2016 aug 01,183606.40404415785,drink
185,2016 aug 02,373223.1781779754,drink
186,2016 aug 03,522164.5200624807,drink
187,2016 aug 04,426940.945640087,drink
188,2016 aug 05,422713.0850159171,drink
189,2016 aug 06,395289.1829328245,drink
190,2016 aug 07,341727.47111503035,drink
191,2016 aug 08,330218.7588605261,drink
192,2016 aug 09,188356.9130718832,drink
193,2016 aug 10,131794.83502263774,drink
194,2016 aug 11,20851.47645408503,drink
195,2016 aug 12,206711.5904893831,drink
196,2016 aug 13,9003.007205390708,drink
197,2016 aug 14,131827.92404157546,drink
198,2016 aug 15,110810.70629478122,drink
199,2016 aug 16,80420.8154117654,drink
200,2016 aug 17,43251.90405574942,drink
201,2016 aug 18,13789.50365625221,drink
202,2016 aug 19,3760.107102766839,drink
203,2016 aug 20,70121.42217723074,drink
204,2016 aug 21,46187.12750473206,drink
205,2016 aug 22,46383.93048925326,drink
206,2016 aug 23,22467.631331309192,drink
207,2016 aug 24,23159.51187519551,drink
208,2016 aug 25,1653.267982508142,drink
209,2016 aug 26,6655.788011291025,drink
210,2016 aug 27,1646.2062382588574,drink
211,2016 aug 28,13604.276219441012,drink
212,2016 aug 29,10625.927752059031,drink
213,2016 aug 30,12658.538026646323,drink
214,2016 aug 31,12681.901075504533,drink
215,2016 oct 01,430770.6735763616,drink
216,2016 oct 02,353537.71632118657,drink
217,2016 oct 03,118040.54971897395,drink
218,2016 oct 04,1676.894528849089,drink
219,2016 oct 05,371065.9801766916,drink
220,2016 oct 06,381416.2413770105,drink
221,2016 oct 07,33731.45367676284,drink
222,2016 oct 08,4800.932002964689,drink
223,2016 oct 09,36845.88310467859,drink
224,2016 oct 10,115959.08616890434,drink
225,2016 oct 11,4877.202261117735,drink
226,2016 oct 12,428977.1346540942,drink
227,2016 oct 13,8905.308411911656,drink
228,2016 oct 14,326944.0929171697,drink
229,2016 oct 15,46278.14157832063,drink
230,2016 oct 16,1675.64802405636,drink
231,2016 oct 17,189793.97759145152,drink
232,2016 oct 18,1650.3785516389669,drink
233,2016 oct 19,3821.508587689461,drink
234,2016 oct 20,96379.72094075764,drink
235,2016 oct 21,341685.6677128181,drink
236,2016 oct 22,311044.9136820073,drink
237,2016 oct 23,44310.36542106196,drink
238,2016 oct 24,16515.36423856179,drink
239,2016 oct 25,96724.2867634386,drink
240,2016 oct 26,54558.50810060106,drink
241,2016 oct 27,109.86729140803456,drink
242,2016 oct 28,8424.082471397081,drink
243,2016 oct 29,103486.64739641838,drink
244,2016 oct 30,56064.63776883924,drink
245,2016 oct 31,110156.75015219853,drink
246,2016 sep 01,18524.341544927312,drink
247,2016 sep 02,23253.06207044237,drink
248,2016 sep 03,16752.77732742641,drink
249,2016 sep 04,125.04641001616076,drink
250,2016 sep 05,13513.438336173444,drink
251,2016 sep 06,11833.44009059956,drink
252,2016 sep 07,11412.533229605348,drink
253,2016 sep 08,13595.61420931474,drink
254,2016 sep 09,557.9102132954214,drink
255,2016 sep 10,25187.07868144747,drink
256,2016 sep 11,688.4414802267183,drink
257,2016 sep 12,260.66397353861345,drink
258,2016 sep 13,7604.570496899912,drink
259,2016 sep 14,4939.999992826183,drink
260,2016 sep 15,6764.581717271376,drink
261,2016 sep 16,8651.663231446017,drink
262,2016 sep 17,2509.0033037833696,drink
263,2016 sep 18,516.5711785661418,drink
264,2016 sep 19,720.0811708311786,drink
265,2016 sep 20,3920.089808955564,drink
266,2016 sep 21,1406.6883760287108,drink
267,2016 sep 22,624.3278932829221,drink
268,2016 sep 23,3259.701103815208,drink
269,2016 sep 24,256.9221082927398,drink
270,2016 sep 25,532.7774220700045,drink
271,2016 sep 26,6099.854160579018,drink
272,2016 sep 27,3720.26531881145,drink
273,2016 sep 28,4762.097256309871,drink
274,2016 sep 29,25230.994632543538,drink
275,2016 sep 30,7029.776899336988,drink
276,2017 apr 01,2688.663692073529,savory_snacks
277,2017 apr 02,34082.68388453302,savory_snacks
278,2017 apr 03,27305.11017199357,savory_snacks
279,2017 apr 04,102.35268164873872,savory_snacks
280,2017 apr 08,1289.4420838749584,savory_snacks
281,2017 apr 10,191.3254713108297,candy
282,2017 apr 11,3340.902368439886,candy
283,2017 apr 12,8812.310298096721,candy
284,2017 apr 13,5985.055670236734,candy
285,2017 apr 14,2018.755668426787,candy
286,2017 apr 15,2884.984871550229,candy
287,2017 apr 16,9998.306406309368,candy
288,2017 apr 17,13754.820646856644,candy
289,2017 apr 18,22404.285098325403,candy
290,2017 apr 19,33306.41293101284,candy
291,2017 apr 20,6722.742512234776,candy
292,2017 apr 21,1186.398153494791,candy
293,2017 apr 22,5521.513975045823,candy
294,2017 apr 23,23524.32614217577,candy
295,2017 apr 24,15159.272477328368,candy
296,2017 apr 25,490.6233133111189,savory_snacks
297,2017 apr 25,27753.272561287267,candy
298,2017 apr 26,26238.151967706483,candy
299,2017 apr 27,19545.06838392072,candy
300,2017 apr 28,859.5136732219638,candy
301,2017 apr 30,11766.291959181286,candy
302,2017 aug 01,22238.700857851767,drink
303,2017 aug 02,34201.79296184109,drink
304,2017 aug 03,88714.41106850361,drink
305,2017 aug 04,5306.810423124583,drink
306,2017 aug 05,8404.176909485785,drink
307,2017 aug 06,62851.4362775142,drink
308,2017 aug 07,111783.88015961272,drink
309,2017 aug 08,203840.22693275663,drink
310,2017 aug 09,79310.69265185625,drink
311,2017 aug 10,83689.58121504697,drink
312,2017 aug 11,9728.546351703815,drink
313,2017 aug 12,9699.70881794475,drink
314,2017 aug 13,84041.00306062582,drink
315,2017 aug 14,172573.13290309138,drink
316,2017 aug 15,203670.3872197446,drink
317,2017 aug 16,180303.9508239258,drink
318,2017 aug 17,200532.5170312793,drink
319,2017 aug 18,30250.52224440533,drink
320,2017 aug 19,117986.19972133572,drink
321,2017 aug 20,244377.7667555274,drink
322,2017 aug 21,173174.8735514053,drink
323,2017 aug 22,251021.74782245132,drink
324,2017 aug 23,245010.6787506058,drink
325,2017 aug 24,190107.1083122228,drink
326,2017 aug 25,36960.83981702066,drink
327,2017 aug 26,33959.59645954556,drink
328,2017 aug 27,189668.2171756219,drink
329,2017 aug 28,221575.7951143105,drink
330,2017 aug 29,272607.1701794933,drink
331,2017 aug 30,115447.3023237758,drink
332,2017 aug 31,96503.52305044208,drink
333,2017 dec 01,13949.913523588028,savory_snacks
334,2017 dec 02,4602.681967023031,savory_snacks
335,2017 dec 03,81449.06624294551,savory_snacks
336,2017 dec 04,46336.65810732871,savory_snacks
337,2017 dec 05,43717.39790086012,savory_snacks
338,2017 dec 06,49465.25155734755,savory_snacks
339,2017 dec 07,36252.28856638064,savory_snacks
340,2017 dec 08,7595.986501701173,savory_snacks
341,2017 dec 09,1008.4154908302522,savory_snacks
342,2017 dec 10,39967.4713122476,savory_snacks
343,2017 dec 11,54644.63700742808,savory_snacks
344,2017 dec 12,20825.78749143871,savory_snacks
345,2017 dec 13,22892.683152736925,savory_snacks
346,2017 dec 14,15834.31043271471,savory_snacks
347,2017 dec 15,1265.5589694281025,savory_snacks
348,2017 dec 16,1301.1220045315065,savory_snacks
349,2017 dec 17,3098.2957704476835,savory_snacks
350,2017 dec 18,14305.223381373911,savory_snacks
351,2017 dec 19,1819.1625290326592,savory_snacks
352,2017 dec 20,4515.80557383418,savory_snacks
353,2017 dec 21,12778.931904607238,savory_snacks
354,2017 dec 23,262.71152717832547,savory_snacks
355,2017 dec 24,326.8044506105699,savory_snacks
356,2017 dec 25,577.6866788079137,savory_snacks
357,2017 dec 26,921.5410196059156,savory_snacks
358,2017 dec 27,762.4035698249911,savory_snacks
359,2017 dec 28,3242.772387934922,savory_snacks
360,2017 dec 29,269.0456212213059,savory_snacks
361,2017 dec 30,1119.3834104253413,savory_snacks
362,2017 dec 31,306.9597829333602,savory_snacks
363,2017 feb 01,77219.20847844196,savory_snacks
364,2017 feb 02,74639.69323535451,savory_snacks
365,2017 feb 03,11210.960949881228,savory_snacks
366,2017 feb 04,15528.836837530704,savory_snacks
367,2017 feb 05,92280.84237154014,savory_snacks
368,2017 feb 06,131247.45938076545,savory_snacks
369,2017 feb 07,109916.1127567149,savory_snacks
370,2017 feb 08,38077.31529362359,savory_snacks
371,2017 feb 09,30653.747962932342,savory_snacks
372,2017 feb 10,4463.9960533486965,savory_snacks
373,2017 feb 11,1744.4879772270897,savory_snacks
374,2017 feb 12,12286.276143191057,savory_snacks
375,2017 feb 13,2797.1701536073074,savory_snacks
376,2017 feb 14,21537.348287578392,savory_snacks
377,2017 feb 15,45929.72054738672,savory_snacks
378,2017 feb 16,51602.80181996925,savory_snacks
379,2017 feb 17,4962.39735802015,savory_snacks
380,2017 feb 18,3244.235678294001,savory_snacks
381,2017 feb 19,56118.01420774272,savory_snacks
382,2017 feb 20,66887.34340619895,savory_snacks
383,2017 feb 21,82281.83295374321,savory_snacks
384,2017 feb 22,66861.45101935968,savory_snacks
385,2017 feb 23,47932.76046121517,savory_snacks
386,2017 feb 24,2522.503633698903,savory_snacks
387,2017 feb 25,3747.709537657131,savory_snacks
388,2017 feb 26,67468.31989759865,savory_snacks
389,2017 feb 27,71849.46913791809,savory_snacks
390,2017 feb 28,60809.58333590562,savory_snacks
391,2017 jan 01,137.73500408437548,savory_snacks
392,2017 jan 02,5669.410735348213,savory_snacks
393,2017 jan 03,12774.657826825583,savory_snacks
394,2017 jan 04,20141.687169474968,savory_snacks
395,2017 jan 05,29590.840608689985,savory_snacks
396,2017 jan 06,17183.954197144583,savory_snacks
397,2017 jan 07,3972.1055210275545,savory_snacks
398,2017 jan 08,21195.711863432985,savory_snacks
399,2017 jan 09,64117.576418095705,savory_snacks
400,2017 jan 10,79048.66165026157,savory_snacks
401,2017 jan 11,65391.14369953638,savory_snacks
402,2017 jan 12,60503.62393608429,savory_snacks
403,2017 jan 13,21411.20211711228,savory_snacks
404,2017 jan 14,5742.042914890697,savory_snacks
405,2017 jan 15,84706.6549978842,savory_snacks
406,2017 jan 16,156293.16358401877,savory_snacks
407,2017 jan 17,77044.48844912497,savory_snacks
408,2017 jan 18,88589.27763285261,savory_snacks
409,2017 jan 19,72522.76454649802,savory_snacks
410,2017 jan 20,7797.890976175722,savory_snacks
411,2017 jan 21,17439.589589105697,savory_snacks
412,2017 jan 22,78019.71403080675,savory_snacks
413,2017 jan 23,105228.2889011737,savory_snacks
414,2017 jan 24,113547.5724430462,savory_snacks
415,2017 jan 25,92774.89009801148,savory_snacks
416,2017 jan 26,81063.57867173047,savory_snacks
417,2017 jan 27,21988.680344027227,savory_snacks
418,2017 jan 28,32286.3863016424,savory_snacks
419,2017 jan 29,51335.0472804636,savory_snacks
420,2017 jan 30,81789.05339788547,savory_snacks
421,2017 jan 31,81119.89988599283,savory_snacks
422,2017 jul 01,381.9177761513776,candy
423,2017 jul 02,2374.727858284553,candy
424,2017 jul 03,4452.179757241395,candy
425,2017 jul 04,6893.602626108123,candy
426,2017 jul 05,3585.5270754036,candy
427,2017 jul 06,3553.511275519314,candy
428,2017 jul 07,465.4368680079062,candy
429,2017 jul 08,553.5891680430361,candy
430,2017 jul 09,3849.863710879893,candy
431,2017 jul 10,12037.88461617479,candy
432,2017 jul 11,7827.062119644028,candy
433,2017 jul 12,19209.96330599016,candy
434,2017 jul 13,1274.8974359791218,candy
435,2017 jul 14,176.90350727463337,candy
436,2017 jul 15,165.8485287213316,candy
437,2017 jul 16,4727.218308501401,candy
438,2017 jul 17,5284.746087903812,candy
439,2017 jul 18,6551.152512477729,candy
440,2017 jul 19,4700.873933042182,candy
441,2017 jul 20,2823.519073930672,candy
442,2017 jul 21,152.41739583116114,candy
443,2017 jul 22,211.06672428497765,candy
444,2017 jul 23,10736.015850837748,candy
445,2017 jul 24,4156.838384631436,candy
446,2017 jul 25,3786.257507747128,candy
447,2017 jul 26,1885.7915841627223,candy
448,2017 jul 27,2810.371231299262,candy
449,2017 jul 30,2284.971327852492,candy
450,2017 jul 31,1454.924060900707,candy
451,2017 jun 01,10292.50671801446,candy
452,2017 jun 02,3097.4482091401155,candy
453,2017 jun 03,1215.4183428587512,candy
454,2017 jun 04,7596.05912332269,candy
455,2017 jun 05,7730.741665790655,candy
456,2017 jun 06,10467.009534262044,candy
457,2017 jun 07,11081.39373147221,candy
458,2017 jun 08,11244.456330530427,candy
459,2017 jun 09,2147.87003706295,candy
460,2017 jun 10,1140.673866460853,candy
461,2017 jun 11,12527.682013039566,candy
462,2017 jun 12,7922.999597319739,candy
463,2017 jun 13,8244.471671569832,candy
464,2017 jun 14,10284.484105331983,candy
465,2017 jun 15,13742.108348373004,candy
466,2017 jun 16,5555.1149149475,candy
467,2017 jun 17,722.476780733982,candy
468,2017 jun 18,2121.814383513595,candy
469,2017 jun 19,4020.728845585628,candy
470,2017 jun 20,8868.422832284254,candy
471,2017 jun 21,5007.294394066263,candy
472,2017 jun 22,3682.350230728314,candy
473,2017 jun 23,375.5132422546203,candy
474,2017 jun 24,105.74995350702478,candy
475,2017 jun 25,5262.164144044615,candy
476,2017 jun 26,4684.640545020236,candy
477,2017 jun 27,4366.080218598475,candy
478,2017 jun 28,3226.3176419414267,candy
479,2017 jun 29,4918.552667596048,candy
480,2017 jun 30,175.0630801801175,candy
481,2017 mar 01,72837.19457683759,savory_snacks
482,2017 mar 02,27758.944894965927,savory_snacks
483,2017 mar 03,4104.840508807247,savory_snacks
484,2017 mar 04,1975.233828334636,savory_snacks
485,2017 mar 05,32595.83409878897,savory_snacks
486,2017 mar 06,38290.3681264916,savory_snacks
487,2017 mar 07,67177.58762369036,savory_snacks
488,2017 mar 08,31371.98209063469,savory_snacks
489,2017 mar 09,35628.28715954443,savory_snacks
490,2017 mar 10,5882.442201217513,savory_snacks
491,2017 mar 11,4382.578196838987,savory_snacks
492,2017 mar 12,39863.45639779715,savory_snacks
493,2017 mar 13,61978.4457134911,savory_snacks
494,2017 mar 14,16956.267409722743,savory_snacks
495,2017 mar 15,19901.48905910639,savory_snacks
496,2017 mar 16,30174.001808817266,savory_snacks
497,2017 mar 17,1793.0528886312109,savory_snacks
498,2017 mar 18,635.1392328569843,savory_snacks
499,2017 mar 19,15427.781446206056,savory_snacks
500,2017 mar 20,23749.15483539076,savory_snacks
501,2017 mar 21,225577.47430291612,savory_snacks
502,2017 mar 22,28923.60039886244,savory_snacks
503,2017 mar 23,33188.1736389184,savory_snacks
504,2017 mar 24,1019.58014552271,savory_snacks
505,2017 mar 25,964.6629742253076,savory_snacks
506,2017 mar 26,12651.393063937694,savory_snacks
507,2017 mar 27,87313.16148083209,savory_snacks
508,2017 mar 28,50279.28883680731,savory_snacks
509,2017 mar 29,72290.54527924275,savory_snacks
510,2017 mar 30,873.4002285994752,savory_snacks
511,2017 mar 31,1376.5579468076885,savory_snacks
512,2017 may 01,4521.226066632103,candy
513,2017 may 02,19495.6204427415,candy
514,2017 may 03,10826.589119222892,candy
515,2017 may 04,16024.155872955644,candy
516,2017 may 05,704.9994539900197,candy
517,2017 may 06,757.8800392182583,candy
518,2017 may 07,11046.38761832378,candy
519,2017 may 08,8447.59771312704,candy
520,2017 may 09,9963.817728641494,candy
521,2017 may 10,5131.569083434431,candy
522,2017 may 11,5342.31008887898,candy
523,2017 may 14,16947.958238920994,candy
524,2017 may 15,6826.345997102892,candy
525,2017 may 16,8716.216324662808,candy
526,2017 may 17,9294.4569011229,candy
527,2017 may 18,9206.237832789127,candy
528,2017 may 19,461.6858280682469,candy
529,2017 may 21,13262.424756532662,candy
530,2017 may 22,6275.243828708098,candy
531,2017 may 23,9104.96210027142,candy
532,2017 may 24,6973.856992627508,candy
533,2017 may 25,5107.349420737933,candy
534,2017 may 27,637.3215770597453,candy
535,2017 may 28,3056.817874901126,candy
536,2017 may 29,7663.005999964962,candy
537,2017 may 30,4871.372629446612,candy
538,2017 may 31,314.25916249542064,candy
539,2017 nov 01,59307.15277574236,drink
540,2017 nov 02,28060.50646183991,drink
541,2017 nov 03,19917.2770576958,drink
542,2017 nov 04,195.29116582189408,drink
543,2017 nov 05,26762.91116100075,drink
544,2017 nov 06,44578.47195965114,drink
545,2017 nov 07,29221.135231821503,drink
546,2017 nov 08,36797.07608960498,drink
547,2017 nov 09,30928.439652271954,drink
548,2017 nov 10,13330.402401300666,drink
549,2017 nov 10,302.09971134002984,savory_snacks
550,2017 nov 11,10241.200367563562,drink
551,2017 nov 11,24138.61156716756,savory_snacks
552,2017 nov 12,60552.04420330579,savory_snacks
553,2017 nov 13,82048.14141553066,savory_snacks
554,2017 nov 14,79196.50573116115,savory_snacks
555,2017 nov 15,24946.025244467088,savory_snacks
556,2017 nov 16,59770.95163009159,savory_snacks
557,2017 nov 17,21098.028462242062,savory_snacks
558,2017 nov 18,12005.295358896994,savory_snacks
559,2017 nov 19,85434.72395693716,savory_snacks
560,2017 nov 20,126584.8232125632,savory_snacks
561,2017 nov 21,127399.62366841928,savory_snacks
562,2017 nov 22,185690.7263398075,savory_snacks
563,2017 nov 22,392.79381252339135,drink
564,2017 nov 23,67426.30956786122,savory_snacks
565,2017 nov 24,9146.60779168588,savory_snacks
566,2017 nov 25,11103.23148112632,savory_snacks
567,2017 nov 26,102136.02105997736,savory_snacks
568,2017 nov 27,117468.4481607504,savory_snacks
569,2017 nov 28,122377.13595383,savory_snacks
570,2017 nov 29,110571.22981378138,savory_snacks
571,2017 nov 30,58153.96167691505,savory_snacks
572,2017 oct 01,138140.57635268517,drink
573,2017 oct 02,166131.90072745195,drink
574,2017 oct 03,102411.99926100884,drink
575,2017 oct 04,68534.73190318621,drink
576,2017 oct 05,63575.33891365201,drink
577,2017 oct 06,4879.32621287366,drink
578,2017 oct 07,5571.539941910844,drink
579,2017 oct 08,66214.41373828148,drink
580,2017 oct 09,104260.38585084448,drink
581,2017 oct 10,145960.43817004704,drink
582,2017 oct 11,132872.49686528114,drink
583,2017 oct 12,21715.296815940656,drink
584,2017 oct 13,21424.94831744557,drink
585,2017 oct 14,9040.340777762503,drink
586,2017 oct 15,257166.6661989641,drink
587,2017 oct 16,37037.14740053708,drink
588,2017 oct 17,85294.48992208102,drink
589,2017 oct 18,69562.03842078318,drink
590,2017 oct 19,64206.283397859945,drink
591,2017 oct 20,3156.469535830053,drink
592,2017 oct 21,1913.4162494615648,drink
593,2017 oct 22,49540.36560730963,drink
594,2017 oct 23,55863.757943528406,drink
595,2017 oct 24,88361.88959378064,drink
596,2017 oct 25,65171.75523189636,drink
597,2017 oct 26,39320.502699372126,drink
598,2017 oct 27,893.2245476240305,drink
599,2017 oct 28,915.2549959184742,drink
600,2017 oct 29,35972.35861565408,drink
601,2017 oct 30,54042.91397255928,drink
602,2017 oct 31,12922.07956898764,drink
603,2017 sep 01,8509.622800850544,drink
604,2017 sep 02,4772.343250537873,drink
605,2017 sep 03,117552.5646068332,drink
606,2017 sep 04,144372.1706285443,drink
607,2017 sep 05,155924.93809401357,drink
608,2017 sep 06,127130.44124290216,drink
609,2017 sep 07,9129.501005452108,drink
610,2017 sep 08,7256.895280179781,drink
611,2017 sep 09,12881.881173965248,drink
612,2017 sep 10,183518.1560541785,drink
613,2017 sep 11,93321.3447161686,drink
614,2017 sep 12,110293.95629904245,drink
615,2017 sep 13,104019.39655380894,drink
616,2017 sep 14,86393.66039326989,drink
617,2017 sep 15,8494.226170729522,drink
618,2017 sep 16,16927.131629379306,drink
619,2017 sep 17,103268.0154451748,drink
620,2017 sep 18,139914.10578906193,drink
621,2017 sep 19,140607.2156340946,drink
622,2017 sep 20,103304.70394220564,drink
623,2017 sep 21,120459.97572441305,drink
624,2017 sep 22,23431.90443714704,drink
625,2017 sep 23,44263.81005960012,drink
626,2017 sep 24,91915.69002342272,drink
627,2017 sep 25,96753.70926238757,drink
628,2017 sep 26,105201.18521013536,drink
629,2017 sep 27,101459.53782863665,drink
630,2017 sep 28,100393.86533182538,drink
631,2017 sep 29,6068.553029181854,drink
632,2017 sep 30,16714.70667750102,drink
633,2018 apr 01,6173.48144590555,savory_snacks
634,2018 apr 02,1747.26082035608,savory_snacks
635,2018 apr 03,1902.9976908726344,savory_snacks
636,2018 apr 04,4643.686899219713,savory_snacks
637,2018 apr 05,12185.75882055722,savory_snacks
638,2018 apr 06,3517.706716160523,savory_snacks
639,2018 apr 07,425.66468039692745,candy
640,2018 apr 08,2390.7374942478823,candy
641,2018 apr 09,3597.857959743799,candy
642,2018 apr 10,6106.224018106844,candy
643,2018 apr 11,4324.333369131102,candy
644,2018 apr 12,10131.265977501742,candy
645,2018 apr 13,990.888084331178,candy
646,2018 apr 14,2546.240522474382,candy
647,2018 apr 15,18168.146393179075,candy
648,2018 apr 16,21794.43913208446,candy
649,2018 apr 17,11804.472154774883,candy
650,2018 apr 18,20052.263760742,candy
651,2018 apr 19,2079.634404697782,candy
652,2018 apr 20,6675.574044247369,candy
653,2018 apr 21,4204.265914021803,candy
654,2018 apr 22,5767.02045703566,candy
655,2018 apr 23,19217.71920166722,candy
656,2018 apr 24,29981.6072760791,candy
657,2018 apr 25,21679.44164318417,candy
658,2018 apr 26,11959.746823088795,candy
659,2018 apr 27,1500.161130549242,candy
660,2018 apr 28,1415.9605101700693,candy
661,2018 apr 29,21347.155436741166,candy
662,2018 apr 30,15953.36878850808,candy
663,2018 aug 01,55517.97238624084,drink
664,2018 aug 02,59388.57025092359,drink
665,2018 aug 03,12059.456385145451,drink
666,2018 aug 04,35378.00617640409,drink
667,2018 aug 05,103232.33468222224,drink
668,2018 aug 06,137845.80033352305,drink
669,2018 aug 07,181919.1802986525,drink
670,2018 aug 08,219145.0298214876,drink
671,2018 aug 09,80774.51736294484,drink
672,2018 aug 10,10798.209119422523,drink
673,2018 aug 11,6369.367669245018,drink
674,2018 aug 12,144210.9310642291,drink
675,2018 aug 13,217144.90640298865,drink
676,2018 aug 14,256086.2586227247,drink
677,2018 aug 15,209011.78209276625,drink
678,2018 aug 16,162394.68996104656,drink
679,2018 aug 17,21861.930204304,drink
680,2018 aug 18,34243.33290700699,drink
681,2018 aug 19,297404.2571972711,drink
682,2018 aug 20,163326.2237546757,drink
683,2018 aug 21,157111.8377086116,drink
684,2018 aug 22,171317.28386445594,drink
685,2018 aug 23,124111.12882959502,drink
686,2018 aug 24,14743.725447359226,drink
687,2018 aug 25,12157.696393615644,drink
688,2018 aug 26,117027.00620826954,drink
689,2018 aug 27,143194.27263977108,drink
690,2018 aug 28,205594.82291385092,drink
691,2018 aug 29,155425.92641128512,drink
692,2018 aug 30,150079.71727803344,drink
693,2018 aug 31,37519.7863207214,drink
694,2018 dec 01,2915.5279906100827,savory_snacks
695,2018 dec 02,5803.6030624179575,drink
696,2018 dec 02,33832.01559502561,savory_snacks
697,2018 dec 03,34926.36467865032,savory_snacks
698,2018 dec 04,34800.682579626155,savory_snacks
699,2018 dec 05,32461.82360410865,savory_snacks
700,2018 dec 06,31896.27391347896,savory_snacks
701,2018 dec 07,11461.116482656753,savory_snacks
702,2018 dec 08,5688.088205440242,savory_snacks
703,2018 dec 09,12299.933170531767,savory_snacks
704,2018 dec 10,22414.312741091424,savory_snacks
705,2018 dec 11,13969.565235941844,savory_snacks
706,2018 dec 12,15076.998119091955,savory_snacks
707,2018 dec 13,17546.851605679924,savory_snacks
708,2018 dec 14,8634.780416215046,savory_snacks
709,2018 dec 15,742.0844413847673,savory_snacks
710,2018 dec 16,35541.92453690832,savory_snacks
711,2018 dec 17,17008.40059284103,savory_snacks
712,2018 dec 18,4501.056708050991,savory_snacks
713,2018 dec 19,6063.658526221515,savory_snacks
714,2018 dec 20,4160.021826510673,savory_snacks
715,2018 dec 21,202.14007771954772,savory_snacks
716,2018 dec 23,3350.172841642448,savory_snacks
717,2018 dec 24,274.1986207073095,savory_snacks
718,2018 dec 26,366.0116162009871,savory_snacks
719,2018 dec 28,353.4258311926992,savory_snacks
720,2018 dec 30,1059.2245889257829,savory_snacks
721,2018 dec 31,146.74010001114357,savory_snacks
722,2018 feb 01,64573.6441597198,savory_snacks
723,2018 feb 02,8075.013199672793,savory_snacks
724,2018 feb 03,3752.8437145165526,savory_snacks
725,2018 feb 04,73436.48083845276,savory_snacks
726,2018 feb 05,119996.9318362427,savory_snacks
727,2018 feb 06,53855.70038447175,savory_snacks
728,2018 feb 07,73408.46058349565,savory_snacks
729,2018 feb 08,65494.183776883634,savory_snacks
730,2018 feb 09,6111.291780436142,savory_snacks
731,2018 feb 10,3406.2004010500286,savory_snacks
732,2018 feb 11,78882.3526231287,savory_snacks
733,2018 feb 12,81472.79435039933,savory_snacks
734,2018 feb 13,71334.90552078305,savory_snacks
735,2018 feb 14,74940.7270921648,savory_snacks
736,2018 feb 15,122309.4112698183,savory_snacks
737,2018 feb 16,17654.25945655613,savory_snacks
738,2018 feb 17,6478.157301741282,savory_snacks
739,2018 feb 18,64286.17738383236,savory_snacks
740,2018 feb 19,107732.45124734553,savory_snacks
741,2018 feb 20,58940.636862753,savory_snacks
742,2018 feb 21,44328.15316051999,savory_snacks
743,2018 feb 22,34309.85498659182,savory_snacks
744,2018 feb 23,2812.2886322280665,savory_snacks
745,2018 feb 24,1633.0546093400735,savory_snacks
746,2018 feb 25,30780.878304555456,savory_snacks
747,2018 feb 26,53215.74440926865,savory_snacks
748,2018 feb 27,52279.82454709538,savory_snacks
749,2018 feb 28,54069.42119172837,savory_snacks
750,2018 jan 02,5573.586587718706,savory_snacks
751,2018 jan 03,6921.821105879424,savory_snacks
752,2018 jan 04,11845.51109297106,savory_snacks
753,2018 jan 05,6208.651928090124,savory_snacks
754,2018 jan 06,1329.1903339235516,savory_snacks
755,2018 jan 07,32311.71476418396,savory_snacks
756,2018 jan 08,94128.47934329894,savory_snacks
757,2018 jan 09,43188.468160378274,savory_snacks
758,2018 jan 10,52274.4542834204,savory_snacks
759,2018 jan 11,56807.718010904726,savory_snacks
760,2018 jan 12,27001.674456427623,savory_snacks
761,2018 jan 13,35283.46315647528,savory_snacks
762,2018 jan 14,57268.42965449126,savory_snacks
763,2018 jan 15,92571.90320604783,savory_snacks
764,2018 jan 16,143270.91296816207,savory_snacks
765,2018 jan 17,77401.32720932682,savory_snacks
766,2018 jan 18,57461.25102160986,savory_snacks
767,2018 jan 19,5088.032321691394,savory_snacks
768,2018 jan 20,6614.796809923569,savory_snacks
769,2018 jan 21,59498.87563355472,savory_snacks
770,2018 jan 22,94214.06305925484,savory_snacks
771,2018 jan 23,90880.18835243148,savory_snacks
772,2018 jan 24,97023.66961205837,savory_snacks
773,2018 jan 25,77549.52556565753,savory_snacks
774,2018 jan 26,13278.083133635697,savory_snacks
775,2018 jan 27,24129.866161100792,savory_snacks
776,2018 jan 28,38324.62574911637,savory_snacks
777,2018 jan 29,64749.85370596904,savory_snacks
778,2018 jan 30,89124.75898203129,savory_snacks
779,2018 jan 31,54842.09012529578,savory_snacks
780,2018 jul 01,5849.24080176253,candy
781,2018 jul 02,17876.79759565309,candy
782,2018 jul 03,3443.856873433107,candy
783,2018 jul 04,6852.652252106789,candy
784,2018 jul 05,2657.9075023341484,candy
785,2018 jul 06,842.3552760619428,candy
786,2018 jul 07,2071.0943723880323,candy
787,2018 jul 08,4827.282419615032,candy
788,2018 jul 09,4216.912084787405,candy
789,2018 jul 10,3290.62630052312,candy
790,2018 jul 11,6773.928862212885,candy
791,2018 jul 12,4978.341545400899,candy
792,2018 jul 13,2017.058370403232,candy
793,2018 jul 14,842.046710252763,candy
794,2018 jul 15,4091.5680195000346,candy
795,2018 jul 16,1823.704592362416,candy
796,2018 jul 17,4710.521471105494,candy
797,2018 jul 18,3003.505709570691,candy
798,2018 jul 19,4189.618272689644,candy
799,2018 jul 20,330.3711619024064,candy
800,2018 jul 21,1583.6630760905762,candy
801,2018 jul 22,5973.400024549253,candy
802,2018 jul 23,3698.7106918856366,candy
803,2018 jul 24,4385.984526755531,candy
804,2018 jul 25,4851.619056283474,candy
805,2018 jul 26,2819.177087040406,candy
806,2018 jul 27,1176.266558097842,candy
807,2018 jul 28,807.4180330203459,candy
808,2018 jul 29,1996.118375662047,candy
809,2018 jul 30,1964.2375911879285,candy
810,2018 jul 31,721.6869571744523,drink
811,2018 jul 31,5321.649063752532,candy
812,2018 jun 01,244.5729927811216,candy
813,2018 jun 02,184.41550417709828,candy
814,2018 jun 03,19193.06149644803,candy
815,2018 jun 04,7335.7234381547105,candy
816,2018 jun 05,9169.379339809117,candy
817,2018 jun 06,7982.669629074826,candy
818,2018 jun 07,6987.7071457965085,candy
819,2018 jun 09,330.17082690892494,candy
820,2018 jun 10,5772.899036260543,candy
821,2018 jun 11,18792.96975854813,candy
822,2018 jun 12,2877.7089703617967,candy
823,2018 jun 13,5058.692841248655,candy
824,2018 jun 14,9524.010990429691,candy
825,2018 jun 15,2121.4974996017413,candy
826,2018 jun 16,139.69882520547975,candy
827,2018 jun 17,4020.836630223618,candy
828,2018 jun 18,10199.006676974825,candy
829,2018 jun 19,7239.32540282229,candy
830,2018 jun 20,2505.043305698299,candy
831,2018 jun 21,2599.46764637638,candy
832,2018 jun 22,525.1270776846552,candy
833,2018 jun 23,103.17928783562785,candy
834,2018 jun 24,8075.309038280085,candy
835,2018 jun 25,5572.578125182373,candy
836,2018 jun 26,7460.00357900971,candy
837,2018 jun 27,11002.442328331208,candy
838,2018 jun 28,5307.205876211934,candy
839,2018 jun 29,1286.2227098883272,candy
840,2018 jun 30,278.080237289705,candy
841,2018 mar 01,52979.25182035874,savory_snacks
842,2018 mar 02,6982.005765991977,savory_snacks
843,2018 mar 03,17257.241368905645,savory_snacks
844,2018 mar 04,6646.552838419626,savory_snacks
845,2018 mar 05,1695.2758700039728,savory_snacks
846,2018 mar 06,8341.279701185049,savory_snacks
847,2018 mar 07,29503.57622152761,savory_snacks
848,2018 mar 08,21900.183848664456,savory_snacks
849,2018 mar 09,3659.146727442361,savory_snacks
850,2018 mar 10,649.412727755356,savory_snacks
851,2018 mar 11,22762.70332570257,savory_snacks
852,2018 mar 12,35185.83085355119,savory_snacks
853,2018 mar 13,35225.795190429635,savory_snacks
854,2018 mar 14,21613.77678788844,savory_snacks
855,2018 mar 15,21602.78748713917,savory_snacks
856,2018 mar 16,2347.411947096421,savory_snacks
857,2018 mar 17,3105.846125149296,savory_snacks
858,2018 mar 18,36140.34161440072,savory_snacks
859,2018 mar 19,17537.719857952983,savory_snacks
860,2018 mar 20,10537.578993558183,savory_snacks
861,2018 mar 21,19327.605111674988,savory_snacks
862,2018 mar 22,19841.10600588904,savory_snacks
863,2018 mar 23,1435.1913451351395,savory_snacks
864,2018 mar 24,1058.1151732008734,savory_snacks
865,2018 mar 25,14793.559676749916,savory_snacks
866,2018 mar 26,32387.96284197668,savory_snacks
867,2018 mar 27,19924.27252201932,savory_snacks
868,2018 mar 28,13970.88070068996,savory_snacks
869,2018 mar 29,26420.94770501075,savory_snacks
870,2018 mar 30,1987.93054146578,savory_snacks
871,2018 mar 31,1014.6338070129012,savory_snacks
872,2018 may 01,8217.576880828077,candy
873,2018 may 02,14964.210286613355,candy
874,2018 may 03,8920.04076796187,candy
875,2018 may 04,722.4236923823844,candy
876,2018 may 05,448.83284410706017,candy
877,2018 may 06,8370.866885969413,candy
878,2018 may 07,7553.676888777229,candy
879,2018 may 08,7141.221092062417,candy
880,2018 may 09,6571.484065182641,candy
881,2018 may 10,9865.393406320238,candy
882,2018 may 11,972.6841062230956,candy
883,2018 may 12,135.3362666761386,candy
884,2018 may 13,13657.18295153438,candy
885,2018 may 14,7019.624807998471,candy
886,2018 may 15,14829.82238443718,candy
887,2018 may 16,11838.137180736532,candy
888,2018 may 17,10404.77223940083,candy
889,2018 may 20,5008.135096188396,candy
890,2018 may 21,17136.91230254821,candy
891,2018 may 22,9075.98706271306,candy
892,2018 may 23,12565.676703751556,candy
893,2018 may 24,9683.959353691256,candy
894,2018 may 25,2104.8029830052933,candy
895,2018 may 26,1146.1272013515022,candy
896,2018 may 27,8910.514157012247,candy
897,2018 may 28,7245.919173027623,candy
898,2018 may 29,6863.523485174731,candy
899,2018 may 30,8992.761482100103,candy
900,2018 may 31,4532.712346342906,candy
901,2018 nov 01,12258.752449656093,drink
902,2018 nov 02,1924.5810551525844,drink
903,2018 nov 03,913.115393711584,drink
904,2018 nov 04,9450.51941891682,drink
905,2018 nov 04,12717.21300479581,savory_snacks
906,2018 nov 05,21922.110111140257,drink
907,2018 nov 05,23420.32582557332,savory_snacks
908,2018 nov 06,47013.113622620025,savory_snacks
909,2018 nov 07,86435.78357195962,savory_snacks
910,2018 nov 08,52069.61376068185,savory_snacks
911,2018 nov 09,21026.366835202567,savory_snacks
912,2018 nov 10,29485.64439086344,savory_snacks
913,2018 nov 11,93640.78689224111,savory_snacks
914,2018 nov 12,105945.5750436236,savory_snacks
915,2018 nov 13,130897.19809904092,savory_snacks
916,2018 nov 14,62272.78377139733,savory_snacks
917,2018 nov 15,10528.763720947964,savory_snacks
918,2018 nov 16,5525.786759254606,savory_snacks
919,2018 nov 17,11254.209725085528,savory_snacks
920,2018 nov 18,63146.0566016216,savory_snacks
921,2018 nov 19,98117.10505581668,savory_snacks
922,2018 nov 20,125307.65060531,savory_snacks
923,2018 nov 21,103269.50403773224,savory_snacks
924,2018 nov 22,75639.15683439682,savory_snacks
925,2018 nov 23,18106.93278076488,savory_snacks
926,2018 nov 24,12564.25126271891,savory_snacks
927,2018 nov 25,64722.63503682133,savory_snacks
928,2018 nov 26,108594.53382230391,savory_snacks
929,2018 nov 27,65461.40696176692,savory_snacks
930,2018 nov 28,68617.42562091607,savory_snacks
931,2018 nov 29,53147.40546099252,savory_snacks
932,2018 nov 30,6220.765358562722,savory_snacks
933,2018 oct 01,79448.2644937478,drink
934,2018 oct 02,85806.39415362924,drink
935,2018 oct 03,77089.84315228282,drink
936,2018 oct 04,53399.27298045196,drink
937,2018 oct 05,6654.990209733945,drink
938,2018 oct 06,6576.042590028106,drink
939,2018 oct 07,118272.42316267014,drink
940,2018 oct 08,41286.9016110889,drink
941,2018 oct 09,46357.437639568205,drink
942,2018 oct 10,52237.42335048784,drink
943,2018 oct 11,33874.496660631965,drink
944,2018 oct 12,914.0837797837734,drink
945,2018 oct 13,1635.073446396469,drink
946,2018 oct 14,58076.31583317588,drink
947,2018 oct 15,67524.84968399988,drink
948,2018 oct 16,38801.47078258701,drink
949,2018 oct 17,41224.11123706747,drink
950,2018 oct 18,91078.22132194534,drink
951,2018 oct 19,13200.101166589257,drink
952,2018 oct 20,12003.044309047433,drink
953,2018 oct 21,14421.802515523736,drink
954,2018 oct 22,27765.355456897258,drink
955,2018 oct 23,48106.808282278274,drink
956,2018 oct 24,81075.79897068816,drink
957,2018 oct 25,37323.747060758455,drink
958,2018 oct 26,16186.100460587882,drink
959,2018 oct 27,10398.482663752951,drink
960,2018 oct 28,94119.63233660428,drink
961,2018 oct 29,9500.308403076806,drink
962,2018 oct 30,11523.422893921945,drink
963,2018 oct 31,8445.071898479668,drink
964,2018 sep 01,18876.74976121525,drink
965,2018 sep 02,209002.1740763491,drink
966,2018 sep 03,95889.26209031243,drink
967,2018 sep 04,108785.8014008586,drink
968,2018 sep 05,100475.25123733249,drink
969,2018 sep 06,115826.54395641114,drink
970,2018 sep 07,6954.549952798408,drink
971,2018 sep 08,2517.547047476921,drink
972,2018 sep 09,95625.7874792213,drink
973,2018 sep 10,118811.400441422,drink
974,2018 sep 11,103555.28323679647,drink
975,2018 sep 12,175773.1086359904,drink
976,2018 sep 13,173257.83419979847,drink
977,2018 sep 14,55737.29914838707,drink
978,2018 sep 15,53598.92451991855,drink
979,2018 sep 16,62550.15135802304,drink
980,2018 sep 17,85819.89154378444,drink
981,2018 sep 18,96408.97144327238,drink
982,2018 sep 19,115343.9658745046,drink
983,2018 sep 20,69340.67627615876,drink
984,2018 sep 21,17981.78306214867,drink
985,2018 sep 22,11845.78177375304,drink
986,2018 sep 23,111197.12976718764,drink
987,2018 sep 24,186188.840787226,drink
988,2018 sep 25,65402.0418963023,drink
989,2018 sep 26,91367.7452511516,drink
990,2018 sep 27,56072.73791758296,drink
991,2018 sep 28,3002.6583794742214,drink
992,2018 sep 29,1873.262872441442,drink
993,2018 sep 30,68593.81697624768,drink
994,2019 apr 27,431.9410731952611,savory_snacks
995,2019 aug 01,385.9166614119789,candy
996,2019 aug 02,154.90846152273355,candy
997,2019 aug 03,11055.4662882712,candy
998,2019 aug 04,7973.837404451963,candy
999,2019 aug 05,15987.07148362321,candy
1000,2019 aug 06,9792.785931742568,candy
1001,2019 aug 07,14890.25089618942,candy
1002,2019 aug 08,710.949146701061,candy
1003,2019 aug 09,1120.7901723809125,candy
1004,2019 aug 10,25250.89267468121,drink
1005,2019 aug 11,63047.73550228708,drink
1006,2019 aug 12,96220.43430314556,drink
1007,2019 aug 13,148893.28652945187,drink
1008,2019 aug 14,143856.79963914742,drink
1009,2019 aug 15,31869.973213215555,drink
1010,2019 aug 16,65973.39548774358,drink
1011,2019 aug 17,253696.5907890316,drink
1012,2019 aug 18,498435.996974242,drink
1013,2019 aug 19,337322.3180632967,drink
1014,2019 aug 20,267053.23057735706,drink
1015,2019 aug 21,322278.2096035759,drink
1016,2019 aug 22,137701.6896302914,drink
1017,2019 aug 23,51146.69539531901,drink
1018,2019 aug 24,298961.44512076385,drink
1019,2019 aug 25,393847.8897672633,drink
1020,2019 aug 26,379853.54398830654,drink
1021,2019 aug 27,631.3547205463236,candy
1022,2019 aug 27,382909.61247037456,drink
1023,2019 aug 28,456133.0275523879,drink
1024,2019 aug 29,197450.1566952009,drink
1025,2019 aug 30,51154.30319486622,drink
1026,2019 aug 31,326557.1689814056,drink
1027,2019 dec 01,304684.6166448909,savory_snacks
1028,2019 dec 02,229046.70040772788,savory_snacks
1029,2019 dec 03,122412.2440578301,savory_snacks
1030,2019 dec 04,124081.5978252205,savory_snacks
1031,2019 dec 05,21346.79431209396,savory_snacks
1032,2019 dec 06,14883.408602241128,savory_snacks
1033,2019 dec 07,223396.43035175977,savory_snacks
1034,2019 dec 08,134840.1705612657,savory_snacks
1035,2019 dec 09,157348.30657056544,savory_snacks
1036,2019 dec 10,73747.46673855747,savory_snacks
1037,2019 dec 11,46431.76995956959,savory_snacks
1038,2019 dec 12,21730.44345640279,savory_snacks
1039,2019 dec 13,10431.661378897015,savory_snacks
1040,2019 dec 14,68453.69748584586,savory_snacks
1041,2019 dec 15,35444.62318132547,savory_snacks
1042,2019 dec 15,373.5097953879993,drink
1043,2019 dec 16,18354.88950464556,savory_snacks
1044,2019 dec 17,238.0491697099802,drink
1045,2019 dec 17,25683.554141659923,savory_snacks
1046,2019 dec 18,56277.70815729982,savory_snacks
1047,2019 dec 19,1458.329024239077,savory_snacks
1048,2019 dec 20,290.5567577906885,savory_snacks
1049,2019 dec 21,9806.422596047194,savory_snacks
1050,2019 dec 22,7427.844465440614,savory_snacks
1051,2019 dec 23,7861.779627939506,savory_snacks
1052,2019 dec 24,869.6137961343194,savory_snacks
1053,2019 dec 25,520.8206175181151,savory_snacks
1054,2019 dec 26,147.82925491305457,savory_snacks
1055,2019 dec 27,14723.461025402295,savory_snacks
1056,2019 dec 28,7111.054824954323,savory_snacks
1057,2019 dec 29,5674.312956619842,savory_snacks
1058,2019 dec 30,6405.565663902195,savory_snacks
1059,2019 dec 31,2844.499709827569,savory_snacks
1060,2019 feb 01,8521.966879377404,savory_snacks
1061,2019 feb 02,1158.3977772551916,savory_snacks
1062,2019 feb 03,79658.91965720632,savory_snacks
1063,2019 feb 04,54134.75369835778,savory_snacks
1064,2019 feb 05,70858.65699817987,savory_snacks
1065,2019 feb 06,94419.22231552382,savory_snacks
1066,2019 feb 07,70722.30430633503,savory_snacks
1067,2019 feb 08,19487.716587243023,savory_snacks
1068,2019 feb 09,18433.02635444338,savory_snacks
1069,2019 feb 10,32513.3213670771,savory_snacks
1070,2019 feb 11,42092.88599251808,savory_snacks
1071,2019 feb 12,71705.20752482318,savory_snacks
1072,2019 feb 13,44769.12339192123,savory_snacks
1073,2019 feb 14,46333.51063440792,savory_snacks
1074,2019 feb 15,8859.226131098754,savory_snacks
1075,2019 feb 16,5239.701798918119,savory_snacks
1076,2019 feb 17,38641.4611437471,savory_snacks
1077,2019 feb 18,41368.91441403009,savory_snacks
1078,2019 feb 19,37724.889349306606,savory_snacks
1079,2019 feb 20,42698.91812055911,savory_snacks
1080,2019 feb 21,30089.83399111055,savory_snacks
1081,2019 feb 22,2720.48938823195,savory_snacks
1082,2019 feb 23,1255.7264912968851,savory_snacks
1083,2019 feb 24,4261.4919615946665,savory_snacks
1084,2019 feb 25,1220.608897932491,savory_snacks
1085,2019 feb 26,7960.889251852849,savory_snacks
1086,2019 feb 27,22016.818288498784,savory_snacks
1087,2019 feb 28,34341.44202089837,savory_snacks
1088,2019 jan 02,1867.8185491076435,savory_snacks
1089,2019 jan 03,26174.346387877045,savory_snacks
1090,2019 jan 04,425.6676433698013,savory_snacks
1091,2019 jan 06,10568.956378492108,savory_snacks
1092,2019 jan 07,30262.17638291284,savory_snacks
1093,2019 jan 08,40714.433121250586,savory_snacks
1094,2019 jan 09,38020.08539316162,savory_snacks
1095,2019 jan 10,40780.89344098735,savory_snacks
1096,2019 jan 11,4525.214576226626,savory_snacks
1097,2019 jan 12,1814.832320904692,savory_snacks
1098,2019 jan 13,64736.45590698209,savory_snacks
1099,2019 jan 14,118765.39989529502,savory_snacks
1100,2019 jan 15,55878.668623983045,savory_snacks
1101,2019 jan 16,55607.714283553054,savory_snacks
1102,2019 jan 17,57092.28579292088,savory_snacks
1103,2019 jan 18,2484.548385614613,savory_snacks
1104,2019 jan 19,5846.336074211809,savory_snacks
1105,2019 jan 20,61119.72675119039,savory_snacks
1106,2019 jan 21,87593.54270126222,savory_snacks
1107,2019 jan 22,64624.046167048014,savory_snacks
1108,2019 jan 23,96927.35571010024,savory_snacks
1109,2019 jan 24,57005.631500126685,savory_snacks
1110,2019 jan 25,7232.196053624879,savory_snacks
1111,2019 jan 26,6393.645123378574,savory_snacks
1112,2019 jan 27,138086.21591332002,savory_snacks
1113,2019 jan 28,64761.60601390002,savory_snacks
1114,2019 jan 29,69291.9144027392,savory_snacks
1115,2019 jan 30,62788.07713650114,savory_snacks
1116,2019 jan 31,48717.98587857918,savory_snacks
1117,2019 jul 01,11925.869603191397,candy
1118,2019 jul 02,12760.250058986749,candy
1119,2019 jul 03,9584.443103274218,candy
1120,2019 jul 04,2875.2506685728617,candy
1121,2019 jul 05,927.1861082434796,candy
1122,2019 jul 06,20369.96440049308,candy
1123,2019 jul 07,14782.976647487718,candy
1124,2019 jul 08,12447.60720135713,candy
1125,2019 jul 09,12177.63818042876,candy
1126,2019 jul 10,11375.202979004142,candy
1127,2019 jul 11,1398.9948403067074,candy
1128,2019 jul 12,791.8578131835213,candy
1129,2019 jul 13,19307.91351874466,candy
1130,2019 jul 14,28670.62398371767,candy
1131,2019 jul 15,9866.738324943704,candy
1132,2019 jul 16,10343.075846433365,candy
1133,2019 jul 17,8620.564848895841,candy
1134,2019 jul 18,865.4238902586785,candy
1135,2019 jul 19,2642.226684319048,candy
1136,2019 jul 20,41680.95879320518,candy
1137,2019 jul 21,61934.24896423641,candy
1138,2019 jul 22,26961.682253335777,candy
1139,2019 jul 23,8186.79247524003,candy
1140,2019 jul 24,13737.19879616826,candy
1141,2019 jul 25,1197.234654120829,candy
1142,2019 jul 26,855.8975039029955,candy
1143,2019 jul 27,10151.598003658975,candy
1144,2019 jul 28,12888.98702246546,candy
1145,2019 jul 29,14833.834525861506,candy
1146,2019 jul 30,15250.86725517346,candy
1147,2019 jul 31,5091.394812284714,candy
1148,2019 jun 01,7811.13047450943,candy
1149,2019 jun 02,10642.136265272738,candy
1150,2019 jun 03,15166.272997018314,candy
1151,2019 jun 04,14559.886402457603,candy
1152,2019 jun 05,24581.7111374836,candy
1153,2019 jun 06,5822.490542965527,candy
1154,2019 jun 07,11316.029271239004,candy
1155,2019 jun 08,15439.286826879645,candy
1156,2019 jun 09,17215.18247577021,candy
1157,2019 jun 10,21732.750142804627,candy
1158,2019 jun 11,3819.244391712662,candy
1159,2019 jun 12,7164.065702193293,candy
1160,2019 jun 13,651.520540828483,candy
1161,2019 jun 14,146.59662178408144,candy
1162,2019 jun 15,11932.752837236874,candy
1163,2019 jun 16,11024.655757845963,candy
1164,2019 jun 17,15159.376333434262,candy
1165,2019 jun 18,19552.751023993304,candy
1166,2019 jun 19,16105.665487419226,candy
1167,2019 jun 20,3132.086814037649,candy
1168,2019 jun 21,1425.5941892834944,candy
1169,2019 jun 22,20741.138360005138,candy
1170,2019 jun 23,24968.949376084296,candy
1171,2019 jun 24,19523.127397342327,candy
1172,2019 jun 25,31176.424102215435,candy
1173,2019 jun 26,6455.821789356896,candy
1174,2019 jun 27,135.26124942351566,candy
1175,2019 jun 28,341.9403745010799,candy
1176,2019 jun 29,10498.238764713486,candy
1177,2019 jun 30,8890.630889118123,candy
1178,2019 mar 01,717.3277841153321,savory_snacks
1179,2019 mar 02,48068.52602218695,savory_snacks
1180,2019 mar 03,26352.37721101589,savory_snacks
1181,2019 mar 04,20378.16871330152,savory_snacks
1182,2019 mar 05,45794.98162258538,savory_snacks
1183,2019 mar 06,54182.00844397001,savory_snacks
1184,2019 mar 07,27668.43816137785,savory_snacks
1185,2019 mar 08,4815.197131219959,savory_snacks
1186,2019 mar 09,3313.8339355377243,savory_snacks
1187,2019 mar 10,5018.47297146486,savory_snacks
1188,2019 mar 11,19864.83292831353,savory_snacks
1189,2019 mar 13,110.6907247450764,savory_snacks
1190,2019 mar 14,1722.6019736709395,savory_snacks
1191,2019 mar 16,410.23061459217394,savory_snacks
1192,2019 mar 17,1935.0997415641016,savory_snacks
1193,2019 mar 18,7795.688283733205,savory_snacks
1194,2019 mar 19,268.48809434060786,savory_snacks
1195,2019 may 04,922.8177475005714,candy
1196,2019 may 05,2884.0534793743204,candy
1197,2019 may 06,1606.4825112981498,candy
1198,2019 may 07,1104.1078453276175,candy
1199,2019 may 08,823.6100921503962,candy
1200,2019 may 09,206.30680187013024,candy
1201,2019 may 11,2435.929067939826,candy
1202,2019 may 12,4893.860231909139,candy
1203,2019 may 13,5566.660841661875,candy
1204,2019 may 14,4961.019524102747,candy
1205,2019 may 15,5092.915910247182,candy
1206,2019 may 16,1051.464101486133,candy
1207,2019 may 17,1012.6390158287724,candy
1208,2019 may 18,6502.816465058483,candy
1209,2019 may 19,9778.454932909077,candy
1210,2019 may 20,4912.397175379076,candy
1211,2019 may 21,13128.045006442358,candy
1212,2019 may 22,10232.533407962344,candy
1213,2019 may 23,3495.500898582302,candy
1214,2019 may 24,951.8808322747452,candy
1215,2019 may 25,27131.497386025283,candy
1216,2019 may 26,7394.060927582804,candy
1217,2019 may 27,8998.806987878512,candy
1218,2019 may 28,12334.111474972186,candy
1219,2019 may 29,10331.919552036108,candy
1220,2019 may 30,2238.907010803591,candy
1221,2019 may 31,933.941002888201,candy
1222,2019 nov 01,67253.79264154968,savory_snacks
1223,2019 nov 02,15370.798149970173,savory_snacks
1224,2019 nov 03,156888.45950549463,savory_snacks
1225,2019 nov 04,197969.21518303367,savory_snacks
1226,2019 nov 05,248717.6766102301,savory_snacks
1227,2019 nov 06,270814.7750947208,savory_snacks
1228,2019 nov 07,26671.967832602644,savory_snacks
1229,2019 nov 08,91047.678172605,savory_snacks
1230,2019 nov 09,250712.5997409444,savory_snacks
1231,2019 nov 10,318829.6599663233,savory_snacks
1232,2019 nov 11,452306.0084397853,savory_snacks
1233,2019 nov 12,311590.58971052006,savory_snacks
1234,2019 nov 13,226870.7092174997,savory_snacks
1235,2019 nov 14,149505.3590595144,savory_snacks
1236,2019 nov 15,26869.20297509208,savory_snacks
1237,2019 nov 16,248670.82611067503,savory_snacks
1238,2019 nov 17,309555.22436962766,savory_snacks
1239,2019 nov 17,1306.0232285740776,drink
1240,2019 nov 18,307981.3405313252,savory_snacks
1241,2019 nov 19,311817.6248599359,savory_snacks
1242,2019 nov 20,182749.74870080588,savory_snacks
1243,2019 nov 21,143823.77450003405,savory_snacks
1244,2019 nov 22,21854.61800562885,savory_snacks
1245,2019 nov 23,369107.3038605225,savory_snacks
1246,2019 nov 24,280004.13494352,savory_snacks
1247,2019 nov 25,223804.9305629213,savory_snacks
1248,2019 nov 26,237035.4664398111,savory_snacks
1249,2019 nov 27,183226.6514446912,savory_snacks
1250,2019 nov 28,52252.34602564004,savory_snacks
1251,2019 nov 29,24975.096088607235,savory_snacks
1252,2019 nov 30,227326.10396985168,savory_snacks
1253,2019 oct 01,7381.265397923889,savory_snacks
1254,2019 oct 01,1460.6863442401186,drink
1255,2019 oct 02,1095.4885030739897,drink
1256,2019 oct 02,16002.026623343168,savory_snacks
1257,2019 oct 03,3867.404345711313,savory_snacks
1258,2019 oct 03,251.85406828782115,drink
1259,2019 oct 04,1392.8053423904646,savory_snacks
1260,2019 oct 05,18823.29588008949,savory_snacks
1261,2019 oct 05,310.69803176862297,drink
1262,2019 oct 06,3426.9145385685574,drink
1263,2019 oct 06,43104.79467470024,savory_snacks
1264,2019 oct 07,8435.40475409193,drink
1265,2019 oct 07,87133.24633524488,savory_snacks
1266,2019 oct 08,1831.0078338963165,drink
1267,2019 oct 08,52756.406652377394,savory_snacks
1268,2019 oct 09,40126.11019773933,savory_snacks
1269,2019 oct 09,3939.497390476533,drink
1270,2019 oct 10,23443.08829815676,savory_snacks
1271,2019 oct 10,105.17622795654896,drink
1272,2019 oct 11,13863.292529467144,savory_snacks
1273,2019 oct 11,2762.7599170355084,drink
1274,2019 oct 12,3025.402896277945,drink
1275,2019 oct 12,6718.261436740673,savory_snacks
1276,2019 oct 13,728.7177925953807,drink
1277,2019 oct 13,54906.65999327645,savory_snacks
1278,2019 oct 14,1700.4623460583352,drink
1279,2019 oct 14,54977.80814491584,savory_snacks
1280,2019 oct 15,75535.37624735672,savory_snacks
1281,2019 oct 15,8399.004776492156,drink
1282,2019 oct 16,57916.852787282405,savory_snacks
1283,2019 oct 16,3818.407244045253,drink
1284,2019 oct 17,4780.944860370735,savory_snacks
1285,2019 oct 18,4001.466358364639,savory_snacks
1286,2019 oct 18,115.38829176936834,drink
1287,2019 oct 19,2059.8315896225195,drink
1288,2019 oct 19,30824.241882755246,savory_snacks
1289,2019 oct 20,2371.018338689943,drink
1290,2019 oct 20,101831.19528043926,savory_snacks
1291,2019 oct 21,53591.0246026035,savory_snacks
1292,2019 oct 21,3140.8825821715504,drink
1293,2019 oct 22,72676.00730846527,savory_snacks
1294,2019 oct 22,4047.098788076109,drink
1295,2019 oct 23,51148.08400222022,savory_snacks
1296,2019 oct 23,36385.70612997442,drink
1297,2019 oct 24,2720.164123587426,savory_snacks
1298,2019 oct 25,1043.6934600694265,savory_snacks
1299,2019 oct 26,51070.56288756656,savory_snacks
1300,2019 oct 27,35747.565639896435,savory_snacks
1301,2019 oct 28,45983.80310283951,savory_snacks
1302,2019 oct 29,58820.21432978241,savory_snacks
1303,2019 oct 30,61239.2687450507,savory_snacks
1304,2019 oct 31,27421.50062261169,savory_snacks
1305,2019 sep 01,432362.3552107156,drink
1306,2019 sep 02,369681.9986614078,drink
1307,2019 sep 03,429521.117086469,drink
1308,2019 sep 04,384714.0319280049,drink
1309,2019 sep 05,215112.9106358161,drink
1310,2019 sep 06,45520.55995228159,drink
1311,2019 sep 07,100901.72046213284,drink
1312,2019 sep 08,366774.2317581432,drink
1313,2019 sep 09,274469.33596785465,drink
1314,2019 sep 10,252586.12482759365,drink
1315,2019 sep 11,224625.73116559992,drink
1316,2019 sep 12,54621.68442819672,drink
1317,2019 sep 13,23572.11881357514,drink
1318,2019 sep 14,172367.73997063324,drink
1319,2019 sep 15,212377.36705336804,drink
1320,2019 sep 16,170489.85816265285,drink
1321,2019 sep 17,120459.33047705896,drink
1322,2019 sep 18,141613.23810615315,drink
1323,2019 sep 19,44323.17834553264,drink
1324,2019 sep 20,5206.130645364964,drink
1325,2019 sep 21,129656.39191089604,drink
1326,2019 sep 22,78454.43347780859,drink
1327,2019 sep 23,117031.53167748172,drink
1328,2019 sep 25,74387.58299621326,drink
1329,2019 sep 28,398.6259064658994,drink
1330,2019 sep 28,2609.6558269060024,savory_snacks
1331,2019 sep 29,9973.106569335678,savory_snacks
1332,2019 sep 29,828.6906978190838,drink
1333,2019 sep 30,690.6709687944596,drink
1334,2019 sep 30,15930.378449535505,savory_snacks
1335,2020 apr 01,53079.53714905024,candy
1336,2020 apr 02,13364.526317289705,candy
1337,2020 apr 03,17218.254193134468,candy
1338,2020 apr 04,3378.8857800855376,candy
1339,2020 apr 05,96229.68856837093,candy
1340,2020 apr 06,96502.55218397285,candy
1341,2020 apr 07,107499.93313481157,candy
1342,2020 apr 08,121606.2862560486,candy
1343,2020 apr 09,75926.28193463568,candy
1344,2020 apr 10,14548.749661287138,candy
1345,2020 apr 11,28793.33272209841,candy
1346,2020 apr 12,134294.94200786145,candy
1347,2020 apr 13,139316.30390084875,candy
1348,2020 apr 14,151763.83448158565,candy
1349,2020 apr 15,121161.09230678646,candy
1350,2020 apr 16,123290.04966099962,candy
1351,2020 apr 17,22208.58746258913,candy
1352,2020 apr 18,23887.679285535218,candy
1353,2020 apr 19,140759.9289253638,candy
1354,2020 apr 20,117408.28868965308,candy
1355,2020 apr 21,83140.73230272025,candy
1356,2020 apr 22,180715.61877360605,candy
1357,2020 apr 23,160794.74343487492,candy
1358,2020 apr 24,22845.926117239047,candy
1359,2020 apr 25,40722.3344524104,candy
1360,2020 apr 26,158401.25974585858,candy
1361,2020 apr 27,211715.82357887228,candy
1362,2020 apr 28,192874.52384195785,candy
1363,2020 apr 29,169022.28062874684,candy
1364,2020 apr 30,163399.15963959563,candy
1365,2020 aug 01,52939.76795590912,drink
1366,2020 aug 02,395289.1829328245,drink
1367,2020 aug 03,367743.1785127624,drink
1368,2020 aug 04,341727.47111503035,drink
1369,2020 aug 05,330218.7588605261,drink
1370,2020 aug 06,188356.9130718832,drink
1371,2020 aug 07,131794.83502263774,drink
1372,2020 aug 08,20851.47645408503,drink
1373,2020 aug 09,206711.5904893831,drink
1374,2020 aug 10,257872.31440484937,drink
1375,2020 aug 11,203262.28922980887,drink
1376,2020 aug 12,210258.41116820733,drink
1377,2020 aug 13,126220.53717361268,drink
1378,2020 aug 14,28913.3032603072,drink
1379,2020 aug 15,9003.007205390708,drink
1380,2020 aug 16,131827.92404157546,drink
1381,2020 aug 17,110810.70629478122,drink
1382,2020 aug 18,80420.8154117654,drink
1383,2020 aug 19,75614.49277246244,drink
1384,2020 aug 20,43251.90405574942,drink
1385,2020 aug 21,13789.50365625221,drink
1386,2020 aug 22,3760.107102766839,drink
1387,2020 aug 23,70121.42217723074,drink
1388,2020 aug 24,46187.12750473206,drink
1389,2020 aug 24,3757.873438684024,candy
1390,2020 aug 25,46383.93048925326,drink
1391,2020 aug 26,41700.0878837004,drink
1392,2020 aug 27,25094.71516396515,drink
1393,2020 aug 28,4873.0422418969465,drink
1394,2020 aug 29,617.5811538419487,drink
1395,2020 aug 30,21462.213573422465,drink
1396,2020 aug 31,21944.06092513146,drink
1397,2020 dec 01,155601.80485750778,savory_snacks
1398,2020 dec 02,138913.41687799443,savory_snacks
1399,2020 dec 03,88219.831095866,savory_snacks
1400,2020 dec 04,1982.916501242208,savory_snacks
1401,2020 dec 05,10555.83303336918,savory_snacks
1402,2020 dec 06,86626.00536926111,savory_snacks
1403,2020 dec 07,108615.07850873584,savory_snacks
1404,2020 dec 08,113628.89573264812,savory_snacks
1405,2020 dec 09,117289.11226424068,savory_snacks
1406,2020 dec 10,79108.2443458979,savory_snacks
1407,2020 dec 11,7167.6473930810125,savory_snacks
1408,2020 dec 12,3142.06393729041,savory_snacks
1409,2020 dec 13,67665.63584595872,savory_snacks
1410,2020 dec 14,27652.914607351187,savory_snacks
1411,2020 dec 15,60317.08391406693,savory_snacks
1412,2020 dec 16,23996.773361001928,savory_snacks
1413,2020 dec 17,60184.70012250034,savory_snacks
1414,2020 dec 18,2988.3756555418668,savory_snacks
1415,2020 dec 19,5853.460235895027,savory_snacks
1416,2020 dec 20,11498.479951498968,savory_snacks
1417,2020 dec 21,12307.698721766892,savory_snacks
1418,2020 dec 22,19993.81740701233,savory_snacks
1419,2020 dec 23,26526.46697504875,savory_snacks
1420,2020 dec 24,12469.69807419605,savory_snacks
1421,2020 dec 25,5876.325018650517,savory_snacks
1422,2020 dec 26,10905.692956651052,savory_snacks
1423,2020 dec 27,3677.9008594044017,savory_snacks
1424,2020 dec 28,10867.508572178236,savory_snacks
1425,2020 dec 29,3111.1570695768337,savory_snacks
1426,2020 dec 30,3633.050709626416,savory_snacks
1427,2020 dec 31,7391.121211782275,savory_snacks
1428,2020 feb 01,9860.39559519197,savory_snacks
1429,2020 feb 02,15050.733229304951,savory_snacks
1430,2020 feb 03,12045.760868894837,savory_snacks
1431,2020 feb 04,13043.212445554538,savory_snacks
1432,2020 feb 05,8114.382402762581,savory_snacks
1433,2020 feb 06,1414.2234120812714,savory_snacks
1434,2020 feb 07,520.3967871399395,savory_snacks
1435,2020 feb 08,20811.79838155234,savory_snacks
1436,2020 feb 09,20263.35165766748,savory_snacks
1437,2020 feb 10,31167.091640022045,savory_snacks
1438,2020 feb 11,103614.35267103813,candy
1439,2020 feb 11,64484.00630205062,savory_snacks
1440,2020 feb 12,5523.580190353408,savory_snacks
1441,2020 feb 12,66286.22774580387,candy
1442,2020 feb 13,10785.362512522464,candy
1443,2020 feb 13,1452.293251007724,savory_snacks
1444,2020 feb 14,9987.071033010618,candy
1445,2020 feb 15,66525.81506570731,candy
1446,2020 feb 15,3741.3357379903214,savory_snacks
1447,2020 feb 16,13380.15478191582,candy
1448,2020 feb 16,2501.6800019307534,savory_snacks
1449,2020 feb 17,3054.69734698331,savory_snacks
1450,2020 feb 17,10184.497911289322,candy
1451,2020 feb 18,931.2224047950864,candy
1452,2020 feb 18,5497.81747161989,savory_snacks
1453,2020 feb 19,4648.421871129731,savory_snacks
1454,2020 feb 20,1349.438837999427,savory_snacks
1455,2020 feb 21,277.9649858073138,savory_snacks
1456,2020 feb 22,4465.773011022807,savory_snacks
1457,2020 feb 22,763.5355222318955,candy
1458,2020 feb 23,6101.880128584476,savory_snacks
1459,2020 feb 24,4476.197111696044,savory_snacks
1460,2020 feb 25,4562.025035203351,savory_snacks
1461,2020 feb 26,6627.366277702384,savory_snacks
1462,2020 feb 27,3937.7497126968383,savory_snacks
1463,2020 feb 28,8612.434984291618,savory_snacks
1464,2020 jan 01,376.9781336520083,savory_snacks
1465,2020 jan 02,760.3302978373855,savory_snacks
1466,2020 jan 03,1358.6211778244374,savory_snacks
1467,2020 jan 04,17353.382019391196,savory_snacks
1468,2020 jan 05,39996.31137497928,savory_snacks
1469,2020 jan 06,83282.13166542588,savory_snacks
1470,2020 jan 07,138498.01133612197,savory_snacks
1471,2020 jan 08,97276.27944512208,savory_snacks
1472,2020 jan 09,29201.31804897699,savory_snacks
1473,2020 jan 10,14654.094456563924,savory_snacks
1474,2020 jan 11,210123.3471608557,savory_snacks
1475,2020 jan 12,217358.9836547396,savory_snacks
1476,2020 jan 13,359436.135559357,savory_snacks
1477,2020 jan 14,223460.16665019683,savory_snacks
1478,2020 jan 15,197232.6078953069,savory_snacks
1479,2020 jan 16,61443.94872823543,savory_snacks
1480,2020 jan 17,63087.33186001603,savory_snacks
1481,2020 jan 18,413355.0148112321,savory_snacks
1482,2020 jan 19,227204.9972340093,savory_snacks
1483,2020 jan 20,253220.2172512148,savory_snacks
1484,2020 jan 21,264275.91786008264,savory_snacks
1485,2020 jan 22,153984.02459973452,savory_snacks
1486,2020 jan 23,6849.761032528099,savory_snacks
1487,2020 jan 24,2204.4547902891263,savory_snacks
1488,2020 jan 25,14742.210925644538,savory_snacks
1489,2020 jan 26,14412.427964727744,savory_snacks
1490,2020 jan 27,78808.47404112216,savory_snacks
1491,2020 jan 28,28728.248752958123,savory_snacks
1492,2020 jan 29,10712.38645910993,savory_snacks
1493,2020 jan 30,2648.700542110552,savory_snacks
1494,2020 jan 31,2629.943810233096,savory_snacks
1495,2020 jul 01,8737.921358820975,candy
1496,2020 jul 02,4160.929875462272,candy
1497,2020 jul 03,1282.261717405865,candy
1498,2020 jul 04,1314.716400987494,candy
1499,2020 jul 05,1821.436114007381,candy
1500,2020 jul 06,14041.004106456368,candy
1501,2020 jul 07,2987.147935766548,candy
1502,2020 jul 08,1795.7811795485225,candy
1503,2020 jul 09,5223.2164017416735,drink
1504,2020 jul 10,7188.169219362599,drink
1505,2020 jul 11,8771.339686318135,drink
1506,2020 jul 12,163582.1524121172,drink
1507,2020 jul 13,261655.6999493193,drink
1508,2020 jul 14,356346.86629982584,drink
1509,2020 jul 15,371197.4608377309,drink
1510,2020 jul 16,321294.1470771404,drink
1511,2020 jul 17,109217.669469108,drink
1512,2020 jul 18,144120.39172273772,drink
1513,2020 jul 19,309553.08879798173,drink
1514,2020 jul 20,346185.6597876837,drink
1515,2020 jul 21,504355.88716661406,drink
1516,2020 jul 22,401331.9782863612,drink
1517,2020 jul 23,341611.41201352654,drink
1518,2020 jul 24,104976.80882274546,drink
1519,2020 jul 25,183606.40404415785,drink
1520,2020 jul 26,373223.1781779754,drink
1521,2020 jul 27,522164.5200624807,drink
1522,2020 jul 27,13027.160737589727,candy
1523,2020 jul 28,426940.945640087,drink
1524,2020 jul 29,422713.0850159171,drink
1525,2020 jul 30,311539.7580409694,drink
1526,2020 jul 31,72288.14184606435,drink
1527,2020 jun 01,31255.260128923263,candy
1528,2020 jun 02,34333.20974110568,candy
1529,2020 jun 03,8233.337858578498,candy
1530,2020 jun 04,14249.873653923289,candy
1531,2020 jun 05,2304.4531173896057,candy
1532,2020 jun 06,347.3912067156155,candy
1533,2020 jun 07,10795.744208565173,candy
1534,2020 jun 08,8089.596410351844,candy
1535,2020 jun 09,17607.584948340475,candy
1536,2020 jun 10,15466.048100857168,candy
1537,2020 jun 11,13365.838502125853,candy
1538,2020 jun 12,2927.170860571872,candy
1539,2020 jun 13,927.754289146384,candy
1540,2020 jun 14,36321.04952138683,candy
1541,2020 jun 15,11661.563638414522,candy
1542,2020 jun 16,132439.0420867478,candy
1543,2020 jun 17,10317.09140061787,candy
1544,2020 jun 18,21787.358108595523,candy
1545,2020 jun 19,2408.773732989556,candy
1546,2020 jun 20,3796.866171496554,candy
1547,2020 jun 21,16400.871177910645,candy
1548,2020 jun 22,15439.231548401413,candy
1549,2020 jun 23,8561.875485185326,candy
1550,2020 jun 24,10563.060511425676,candy
1551,2020 jun 25,10572.80083107991,candy
1552,2020 jun 26,1902.0904472512225,candy
1553,2020 jun 28,7225.940007949892,candy
1554,2020 jun 29,8207.507219573094,candy
1555,2020 jun 30,12943.919937883364,candy
1556,2020 mar 04,266.0176367726288,savory_snacks
1557,2020 mar 08,182.05058264495773,savory_snacks
1558,2020 mar 13,3263.0953789672963,candy
1559,2020 mar 15,12089.69967999056,candy
1560,2020 mar 16,33065.414119979534,candy
1561,2020 mar 17,38373.6355365335,candy
1562,2020 mar 18,50315.21274380141,candy
1563,2020 mar 19,91624.12800418366,candy
1564,2020 mar 20,19958.11040191014,candy
1565,2020 mar 20,297.2877993113083,drink
1566,2020 mar 21,17262.145120977017,candy
1567,2020 mar 22,99442.68622049972,candy
1568,2020 mar 23,62000.6773388887,candy
1569,2020 mar 24,87698.06718102026,candy
1570,2020 mar 24,1020.8104127367988,savory_snacks
1571,2020 mar 25,62037.11872176265,candy
1572,2020 mar 26,41775.94294647397,candy
1573,2020 mar 27,17262.720039513628,candy
1574,2020 mar 28,13977.794115530216,candy
1575,2020 mar 29,59579.84492434457,candy
1576,2020 mar 30,85277.84739852445,candy
1577,2020 mar 31,65713.14383083557,candy
1578,2020 may 01,56209.61470476899,candy
1579,2020 may 02,51516.29177884505,candy
1580,2020 may 03,169011.8653345136,candy
1581,2020 may 04,144141.11461252384,candy
1582,2020 may 05,173050.51742644838,candy
1583,2020 may 06,133093.94567586304,candy
1584,2020 may 07,99728.3704276027,candy
1585,2020 may 08,10191.219302666714,candy
1586,2020 may 09,3605.2619458737145,candy
1587,2020 may 10,107823.84204313246,candy
1588,2020 may 11,147525.88898922465,candy
1589,2020 may 12,182829.6068899299,candy
1590,2020 may 13,196062.2161283748,candy
1591,2020 may 14,181468.9345546697,candy
1592,2020 may 15,37194.1637987206,candy
1593,2020 may 16,21597.29864347795,candy
1594,2020 may 17,231692.839019108,candy
1595,2020 may 18,205700.94535329688,candy
1596,2020 may 19,266632.1722230636,candy
1597,2020 may 20,111859.0554358388,candy
1598,2020 may 21,95914.76704982037,candy
1599,2020 may 22,19917.49044887388,candy
1600,2020 may 23,3875.3815422079215,candy
1601,2020 may 24,61533.77466471255,candy
1602,2020 may 25,55792.62425850384,candy
1603,2020 may 26,206034.57787288952,candy
1604,2020 may 27,57744.03770788204,candy
1605,2020 may 28,35578.155866594614,candy
1606,2020 may 29,14956.74981862664,candy
1607,2020 may 30,2396.0961241788914,candy
1608,2020 may 31,52670.9459686004,candy
1609,2020 may 31,659.4928212307032,savory_snacks
1610,2020 nov 01,7568.817453669634,savory_snacks
1611,2020 nov 02,1064.7571274346158,savory_snacks
1612,2020 nov 03,6400.921206890615,savory_snacks
1613,2020 nov 04,1678.6811965392442,savory_snacks
1614,2020 nov 05,15006.919082530178,savory_snacks
1615,2020 nov 06,14037.074394211428,savory_snacks
1616,2020 nov 07,62431.90984814877,savory_snacks
1617,2020 nov 08,257941.8031449452,savory_snacks
1618,2020 nov 09,336927.0552173928,savory_snacks
1619,2020 nov 10,365740.3691741476,savory_snacks
1620,2020 nov 11,367644.8050205553,savory_snacks
1621,2020 nov 12,309418.63615196134,savory_snacks
1622,2020 nov 13,109435.15936054806,savory_snacks
1623,2020 nov 14,100838.1578873471,savory_snacks
1624,2020 nov 15,167367.47172642,savory_snacks
1625,2020 nov 16,303116.8364008437,savory_snacks
1626,2020 nov 17,407532.4193414888,savory_snacks
1627,2020 nov 18,356375.22277247935,savory_snacks
1628,2020 nov 19,7029.776899336988,drink
1629,2020 nov 19,290558.59827071766,savory_snacks
1630,2020 nov 20,121411.94676381162,savory_snacks
1631,2020 nov 21,94418.0068239453,savory_snacks
1632,2020 nov 22,276023.02137431665,savory_snacks
1633,2020 nov 23,235857.87154092823,savory_snacks
1634,2020 nov 24,303542.66031282936,savory_snacks
1635,2020 nov 25,251869.73400476048,savory_snacks
1636,2020 nov 26,225961.6236194772,savory_snacks
1637,2020 nov 27,48463.62229585625,savory_snacks
1638,2020 nov 28,32172.64153961756,savory_snacks
1639,2020 nov 29,161886.83169509078,savory_snacks
1640,2020 nov 30,154580.15080457678,savory_snacks
1641,2020 oct 01,5824.139737145351,drink
1642,2020 oct 02,688.4414802267183,drink
1643,2020 oct 03,260.66397353861345,drink
1644,2020 oct 04,7604.570496899912,drink
1645,2020 oct 05,4939.999992826183,drink
1646,2020 oct 06,6764.581717271376,drink
1647,2020 oct 07,8651.663231446017,drink
1648,2020 oct 08,2509.0033037833696,drink
1649,2020 oct 09,408.6536903236149,drink
1650,2020 oct 10,516.5711785661418,drink
1651,2020 oct 11,4466.670413351022,drink
1652,2020 oct 12,720.0811708311786,drink
1653,2020 oct 13,3132.0646361499853,drink
1654,2020 oct 14,6443.060901006581,drink
1655,2020 oct 15,3920.089808955564,drink
1656,2020 oct 16,1406.6883760287108,drink
1657,2020 oct 17,624.3278932829221,drink
1658,2020 oct 18,5875.125732282319,drink
1659,2020 oct 19,5978.241999300989,drink
1660,2020 oct 20,6775.916305883009,drink
1661,2020 oct 21,3259.701103815208,drink
1662,2020 oct 22,3628.122067769875,drink
1663,2020 oct 23,256.9221082927398,drink
1664,2020 oct 24,532.7774220700045,drink
1665,2020 oct 25,6099.854160579018,drink
1666,2020 oct 26,3720.26531881145,drink
1667,2020 oct 27,4762.097256309871,drink
1668,2020 oct 28,12459.694251497196,drink
1669,2020 oct 29,25230.994632543538,drink
1670,2020 sep 01,22467.631331309192,drink
1671,2020 sep 02,23159.51187519551,drink
1672,2020 sep 03,18593.258175795138,drink
1673,2020 sep 04,1653.267982508142,drink
1674,2020 sep 05,121.9579662298569,drink
1675,2020 sep 06,6655.788011291025,drink
1676,2020 sep 07,1646.2062382588574,drink
1677,2020 sep 08,13604.276219441012,drink
1678,2020 sep 09,10625.927752059031,drink
1679,2020 sep 10,12658.538026646323,drink
1680,2020 sep 11,2015.64937722478,drink
1681,2020 sep 12,324.1566131793166,drink
1682,2020 sep 13,12681.901075504533,drink
1683,2020 sep 14,18524.341544927312,drink
1684,2020 sep 15,23253.06207044237,drink
1685,2020 sep 16,12779.125527924109,drink
1686,2020 sep 17,16752.77732742641,drink
1687,2020 sep 18,508.66038127872827,drink
1688,2020 sep 19,125.04641001616076,drink
1689,2020 sep 20,13513.438336173444,drink
1690,2020 sep 21,11833.44009059956,drink
1691,2020 sep 22,13654.638595176462,drink
1692,2020 sep 23,11412.533229605348,drink
1693,2020 sep 24,13595.61420931474,drink
1694,2020 sep 25,557.9102132954214,drink
1695,2020 sep 26,302.35690197816393,drink
1696,2020 sep 27,24966.1628590828,drink
1697,2020 sep 28,12161.923138732522,drink
1698,2020 sep 29,25187.07868144747,drink
1699,2020 sep 30,9108.905205925766,drink
